Artist,Genre_ChatGPT,Formatted_Artist
"Amos, Tori",Alternative,"AMOS,_TORI"
Eels,Alternative,EELS
B.B. King,Blues,B.B._KING
Blues Image,Blues,BLUES_IMAGE
Bonnie Raitt,Blues,BONNIE_RAITT
Brown Clarence Gatemouth,Blues,BROWN_CLARENCE_GATEMOUTH
Dr. John,Blues,DR._JOHN
Duke Robillard,Blues,DUKE_ROBILLARD
Elvin Bishop,Blues,ELVIN_BISHOP
Eric Clapton,Blues,ERIC_CLAPTON
Hooker John Lee,Blues,HOOKER_JOHN_LEE
Jimmy Reed,Blues,JIMMY_REED
John Lee Hooker,Blues,JOHN_LEE_HOOKER
Johnson James P,Blues,JOHNSON_JAMES_P
Jon Cleary,Blues,JON_CLEARY
Professor Longhair,Blues,PROFESSOR_LONGHAIR
Rory Block,Blues,RORY_BLOCK
The Blues Brothers,Blues,THE_BLUES_BROTHERS
The Fabulous Thunderbirds,Blues,THE_FABULOUS_THUNDERBIRDS
The Robert Cray Band,Blues,THE_ROBERT_CRAY_BAND
Watson Johnny Guitar,Blues,WATSON_JOHNNY_GUITAR
Wilbert Harrison,Blues,WILBERT_HARRISON
Canned Heat,Blues/Rock,CANNED_HEAT
101 Strings,Classical,101_STRINGS
Adiemus,Classical,ADIEMUS
Andrea Bocelli,Classical,ANDREA_BOCELLI
Apollo 100,Classical,APOLLO_100
Bach Johann Sebastian,Classical,BACH_JOHANN_SEBASTIAN
Barber Samuel,Classical,BARBER_SAMUEL
Bizet Georges,Classical,BIZET_GEORGES
Carmen,Classical,CARMEN
Carmina Burana,Classical,CARMINA_BURANA
Cesar Franck,Classical,CESAR_FRANCK
Charles-Valentin Alkan,Classical,CHARLES-VALENTIN_ALKAN
Chopin Frederic,Classical,CHOPIN_FREDERIC
Christoph Willibald Gluck,Classical,CHRISTOPH_WILLIBALD_GLUCK
Claude Debussy,Classical,CLAUDE_DEBUSSY
Claude-Michel Schonberg,Classical,CLAUDE-MICHEL_SCHONBERG
Clayderman Richard,Classical,CLAYDERMAN_RICHARD
Clementi,Classical,CLEMENTI
Danilo Amerio,Classical,DANILO_AMERIO
Delibes Leo,Classical,DELIBES_LEO
Dvorak,Classical,DVORAK
Edvard Grieg,Classical,EDVARD_GRIEG
Ekseption,Classical,EKSEPTION
FAURE Gabriel,Classical,FAURE_GABRIEL
Falla,Classical,FALLA
George Frideric Handel,Classical,GEORGE_FRIDERIC_HANDEL
Gilbert & Sullivan,Classical,GILBERT_&_SULLIVAN
Gounod Charles,Classical,GOUNOD_CHARLES
Granados Enrique,Classical,GRANADOS_ENRIQUE
Haydn,Classical,HAYDN
Henry Arland,Classical,HENRY_ARLAND
James Last,Classical,JAMES_LAST
Jeffrey Reid Baker,Classical,JEFFREY_REID_BAKER
Johann Nepomuk Hummel,Classical,JOHANN_NEPOMUK_HUMMEL
Johannes Brahms,Classical,JOHANNES_BRAHMS
LANZA,Classical,LANZA
Leo Friedman,Classical,LEO_FRIEDMAN
Leonard Bernstein,Classical,LEONARD_BERNSTEIN
Louis Moreau Gottschalk,Classical,LOUIS_MOREAU_GOTTSCHALK
Marvin Hamlisch,Classical,MARVIN_HAMLISCH
Paul Mauriat,Classical,PAUL_MAURIAT
Percy Faith,Classical,PERCY_FAITH
Percy Grainger,Classical,PERCY_GRAINGER
Roger Williams,Classical,ROGER_WILLIAMS
Theodorakis Mikis,Classical,THEODORAKIS_MIKIS
Thomas Campion,Classical,THOMAS_CAMPION
Wagner,Classical,WAGNER
Wolfgang Amadeus Mozart,Classical,WOLFGANG_AMADEUS_MOZART
elgar,Classical,ELGAR
Alabama,Country,ALABAMA
Alan Jackson,Country,ALAN_JACKSON
Amie Comeaux,Country,AMIE_COMEAUX
Anne Murray,Country,ANNE_MURRAY
Atkins Chet,Country,ATKINS_CHET
B.W. Stevenson,Country,B.W._STEVENSON
Bellamy Brothers,Country,BELLAMY_BROTHERS
Billy Ray Cyrus,Country,BILLY_RAY_CYRUS
Bobby Bare,Country,BOBBY_BARE
Brooks Garth,Country,BROOKS_GARTH
Buck Owens,Country,BUCK_OWENS
Cash Johnny,Country,CASH_JOHNNY
Charlie Rich,Country,CHARLIE_RICH
Confederate Railroad,Country,CONFEDERATE_RAILROAD
Conway Twitty,Country,CONWAY_TWITTY
Crystal Gayle,Country,CRYSTAL_GAYLE
Eddy Arnold,Country,EDDY_ARNOLD
Garth Brooks,Country,GARTH_BROOKS
Glen Campbell,Country,GLEN_CAMPBELL
Grant & Forsyth,Country,GRANT_&_FORSYTH
Haggard. Merle,Country,HAGGARD._MERLE
Hank Williams,Country,HANK_WILLIAMS
Jeannie C. Riley,Country,JEANNIE_C._RILEY
Joe South,Country,JOE_SOUTH
Johnny Cash,Country,JOHNNY_CASH
Johnny Horton,Country,JOHNNY_HORTON
Kris Kristofferson,Country,KRIS_KRISTOFFERSON
Little Texas,Country,LITTLE_TEXAS
Lynn Anderson,Country,LYNN_ANDERSON
Mac Davis,Country,MAC_DAVIS
Mark Collie,Country,MARK_COLLIE
Merle Travis,Country,MERLE_TRAVIS
Miles John,Country,MILES_JOHN
Parton Dolly,Country,PARTON_DOLLY
Patsy Cline,Country,PATSY_CLINE
Poco,Country,POCO
Price Lloyd,Country,PRICE_LLOYD
Rednex,Country,REDNEX
Robert Leroy,Country,ROBERT_LEROY
Rogers Kenny,Country,ROGERS_KENNY
Sawyer Brown,Country,SAWYER_BROWN
Shania Twain,Country,SHANIA_TWAIN
Sharpe,Country,SHARPE
Sheb Wooley,Country,SHEB_WOOLEY
Tammy Wynette,Country,TAMMY_WYNETTE
Terry Stafford,Country,TERRY_STAFFORD
The Bluegrass Cardinals,Country,THE_BLUEGRASS_CARDINALS
Tim Immers,Country,TIM_IMMERS
Tom Astor,Country,TOM_ASTOR
Tracy Byrd,Country,TRACY_BYRD
Travis Tritt,Country,TRAVIS_TRITT
Trio Rio,Country,TRIO_RIO
Trisha Yearwood,Country,TRISHA_YEARWOOD
Willie Nelson,Country,WILLIE_NELSON
Zeze di Camargo,Country,ZEZE_DI_CAMARGO
k.d. lang,Country,K.D._LANG
Amii Stewart,Disco,AMII_STEWART
Anita Ward,Disco,ANITA_WARD
Arabesque,Disco,ARABESQUE
Boys Town Gang,Disco,BOYS_TOWN_GANG
Chic,Disco,CHIC
Flair,Disco,FLAIR
George McCrae,Disco,GEORGE_MCCRAE
Gibson Brothers,Disco,GIBSON_BROTHERS
Hues Corporation,Disco,HUES_CORPORATION
KC and The Sunshine Band,Disco,KC_AND_THE_SUNSHINE_BAND
La Bionda,Disco,LA_BIONDA
MFSB,Disco,MFSB
Michael Zager,Disco,MICHAEL_ZAGER
Odyssey,Disco,ODYSSEY
Ottawan,Disco,OTTAWAN
Patrick Hernandez,Disco,PATRICK_HERNANDEZ
Peaches & Herb,Disco,PEACHES_&_HERB
Real Thing,Disco,REAL_THING
Santa Esmeralda,Disco,SANTA_ESMERALDA
Silver Convention,Disco,SILVER_CONVENTION
Sister Sledge,Disco,SISTER_SLEDGE
Sylvester,Disco,SYLVESTER
The Chaplin Band,Disco,THE_CHAPLIN_BAND
The Ritchie Family,Disco,THE_RITCHIE_FAMILY
The Trammps,Disco,THE_TRAMMPS
The Weather Girls,Disco,THE_WEATHER_GIRLS
Vicki Sue Robinson,Disco,VICKI_SUE_ROBINSON
Village People,Disco,VILLAGE_PEOPLE
Walter Murphy,Disco,WALTER_MURPHY
Crests,Doo-wop,CRESTS
Edsels,Doo-wop,EDSELS
2 Brothers on the 4th Floor,Electronic,2_BROTHERS_ON_THE_4TH_FLOOR
2 Unlimited,Electronic,2_UNLIMITED
20 Fingers,Electronic,20_FINGERS
808 State,Electronic,808_STATE
Adamski,Electronic,ADAMSKI
Amber,Electronic,AMBER
Amina,Electronic,AMINA
Army of Lovers,Electronic,ARMY_OF_LOVERS
Art of Noise,Electronic,ART_OF_NOISE
B.G. The Prince of Rap,Electronic,B.G._THE_PRINCE_OF_RAP
BBE,Electronic,BBE
Baby D,Electronic,BABY_D
Bad Boys Blue,Electronic,BAD_BOYS_BLUE
Black Box,Electronic,BLACK_BOX
Bomfunk MC's,Electronic,BOMFUNK_MC'S
Capella,Electronic,CAPELLA
Captain Hollywood Project,Electronic,CAPTAIN_HOLLYWOOD_PROJECT
Centory,Electronic,CENTORY
Chyp-notic,Electronic,CHYP-NOTIC
Cosmix,Electronic,COSMIX
Crystal Waters,Electronic,CRYSTAL_WATERS
Culture Beat,Electronic,CULTURE_BEAT
Cut 'n' Move,Electronic,CUT_'N'_MOVE
D:Ream,Electronic,D:REAM
DJ BoBo,Electronic,DJ_BOBO
DJ Paul Elstak,Electronic,DJ_PAUL_ELSTAK
DJ Quicksilver,Electronic,DJ_QUICKSILVER
Dance 2 Trance,Electronic,DANCE_2_TRANCE
Darude,Electronic,DARUDE
De Electronica's,Electronic,DE_ELECTRONICA'S
Depeche Mode,Electronic,DEPECHE_MODE
Double You,Electronic,DOUBLE_YOU
Droids,Electronic,DROIDS
Dune,Electronic,DUNE
E-Rotic,Electronic,E-ROTIC
E.Z.K,Electronic,E.Z.K
East Side Beat,Electronic,EAST_SIDE_BEAT
Eiffel 65,Electronic,EIFFEL_65
Energy 52,Electronic,ENERGY_52
Enigma,Electronic,ENIGMA
Erasure,Electronic,ERASURE
Faithless,Electronic,FAITHLESS
Fatboy Slim,Electronic,FATBOY_SLIM
Fay Lovsky,Electronic,FAY_LOVSKY
Freak Power,Electronic,FREAK_POWER
Fun Factory,Electronic,FUN_FACTORY
Harold Faltermeyer,Electronic,HAROLD_FALTERMEYER
Ice MC,Electronic,ICE_MC
Inner City,Electronic,INNER_CITY
Interactive,Electronic,INTERACTIVE
Intermission,Electronic,INTERMISSION
Jam & Spoon,Electronic,JAM_&_SPOON
Jan Hammer,Electronic,JAN_HAMMER
Jean Michel Jarre,Electronic,JEAN_MICHEL_JARRE
Kadoc,Electronic,KADOC
Kraftwerk,Electronic,KRAFTWERK
LFO,Electronic,LFO
La Bouche,Electronic,LA_BOUCHE
Lavinia Jones,Electronic,LAVINIA_JONES
Loft,Electronic,LOFT
Magic Affair,Electronic,MAGIC_AFFAIR
Mark 'Oh,Electronic,MARK_'OH
Masterboy,Electronic,MASTERBOY
Mike Oldfield,Electronic,MIKE_OLDFIELD
Mo-Do,Electronic,MO-DO
Mr. President,Electronic,MR._PRESIDENT
New Age,Electronic,NEW_AGE
New Order,Electronic,NEW_ORDER
Nightcrawlers,Electronic,NIGHTCRAWLERS
OMD,Electronic,OMD
"Oldfield, Mike",Electronic,"OLDFIELD,_MIKE"
Orbital,Electronic,ORBITAL
Orchestral Manoeuvres in the Dark,Electronic,ORCHESTRAL_MANOEUVRES_IN_THE_DARK
Party Animals,Electronic,PARTY_ANIMALS
Perplexer,Electronic,PERPLEXER
Peter Schilling,Electronic,PETER_SCHILLING
RMB,Electronic,RMB
Red 5,Electronic,RED_5
Reel 2 Real,Electronic,REEL_2_REAL
Righeira,Electronic,RIGHEIRA
Robert Miles,Electronic,ROBERT_MILES
Robin S,Electronic,ROBIN_S
Rozalla,Electronic,ROZALLA
Sabrina,Electronic,SABRINA
Scatman,Electronic,SCATMAN
Scatman John,Electronic,SCATMAN_JOHN
Scooter,Electronic,SCOOTER
Soft Cell,Electronic,SOFT_CELL
Star Wash,Electronic,STAR_WASH
Supermax,Electronic,SUPERMAX
Technohead,Electronic,TECHNOHEAD
Technotronic,Electronic,TECHNOTRONIC
The Human League,Electronic,THE_HUMAN_LEAGUE
The KLF,Electronic,THE_KLF
The Prodigy,Electronic,THE_PRODIGY
Thomas Dolby,Electronic,THOMAS_DOLBY
Timeless,Electronic,TIMELESS
Trance,Electronic,TRANCE
Trans-X,Electronic,TRANS-X
Trinere,Electronic,TRINERE
Ultravox,Electronic,ULTRAVOX
Urban Cookie Collective,Electronic,URBAN_COOKIE_COLLECTIVE
Vangelis,Electronic,VANGELIS
Visage,Electronic,VISAGE
William Orbit,Electronic,WILLIAM_ORBIT
Yazoo,Electronic,YAZOO
Angelo Branduardi,Folk,ANGELO_BRANDUARDI
Bob Dylan,Folk,BOB_DYLAN
Claudia Schmidt,Folk,CLAUDIA_SCHMIDT
Croce Jim,Folk,CROCE_JIM
Dan Fogelberg,Folk,DAN_FOGELBERG
Don McLean,Folk,DON_MCLEAN
Donovan,Folk,DONOVAN
Fairground Attraction,Folk,FAIRGROUND_ATTRACTION
Fairport Convention,Folk,FAIRPORT_CONVENTION
Frans Bauer,Folk,FRANS_BAUER
Friend & Lover,Folk,FRIEND_&_LOVER
Gordon Lightfoot,Folk,GORDON_LIGHTFOOT
Harry Chapin,Folk,HARRY_CHAPIN
Hugues Aufray,Folk,HUGUES_AUFRAY
James Taylor,Folk,JAMES_TAYLOR
Jewel,Folk,JEWEL
Jim Croce,Folk,JIM_CROCE
John Denver,Folk,JOHN_DENVER
Joni Mitchell,Folk,JONI_MITCHELL
Judy Collins,Folk,JUDY_COLLINS
MAMAS & Papas,Folk,MAMAS_&_PAPAS
Mamas,Folk,MAMAS
Maria Muldaur,Folk,MARIA_MULDAUR
Marianne & Michael,Folk,MARIANNE_&_MICHAEL
Mary Hopkins,Folk,MARY_HOPKINS
Mason Williams,Folk,MASON_WILLIAMS
Maxime Le Forestier,Folk,MAXIME_LE_FORESTIER
Melanie,Folk,MELANIE
Mouskouri Nana,Folk,MOUSKOURI_NANA
Norman Blake,Folk,NORMAN_BLAKE
Paul Simon,Folk,PAUL_SIMON
Randy VanWarmer,Folk,RANDY_VANWARMER
Sandy Denny,Folk,SANDY_DENNY
Seals & Crofts,Folk,SEALS_&_CROFTS
Shawn Colvin,Folk,SHAWN_COLVIN
Shawn Mullins,Folk,SHAWN_MULLINS
Simon & Garfunkel,Folk,SIMON_&_GARFUNKEL
Spanky & Our Gang,Folk,SPANKY_&_OUR_GANG
The Brothers Four,Folk,THE_BROTHERS_FOUR
The Folk Implosion,Folk,THE_FOLK_IMPLOSION
The Kelly Family,Folk,THE_KELLY_FAMILY
The Mamas & The Papas,Folk,THE_MAMAS_&_THE_PAPAS
The Rooftop Singers,Folk,THE_ROOFTOP_SINGERS
The Seekers,Folk,THE_SEEKERS
The The Kingston Trio,Folk,THE_THE_KINGSTON_TRIO
Tracy Chapman,Folk,TRACY_CHAPMAN
Venditti Antonello,Folk,VENDITTI_ANTONELLO
Victoria Williams,Folk,VICTORIA_WILLIAMS
Wolfgang Ambros,Folk,WOLFGANG_AMBROS
Carole King,Folk/Rock,CAROLE_KING
Brown James,Funk,BROWN_JAMES
Cameo,Funk,CAMEO
Corduroy,Funk,CORDUROY
"Earth, Wind & Fire",Funk,"EARTH,_WIND_&_FIRE"
Fat Larry's Band,Funk,FAT_LARRY'S_BAND
Heatwave,Funk,HEATWAVE
Hot Chocolate,Funk,HOT_CHOCOLATE
Imagination,Funk,IMAGINATION
James Brown,Funk,JAMES_BROWN
Jamiroquai,Funk,JAMIROQUAI
Kool & The Gang,Funk,KOOL_&_THE_GANG
Level 42,Funk,LEVEL_42
Ohio Players,Funk,OHIO_PLAYERS
Rose Royce,Funk,ROSE_ROYCE
Sly,Funk,SLY
Sly & The Family Stone,Funk,SLY_&_THE_FAMILY_STONE
Tower of Power,Funk,TOWER_OF_POWER
War,Funk,WAR
Arrested Development,Hip Hop,ARRESTED_DEVELOPMENT
Articolo 31,Hip Hop,ARTICOLO_31
Beastie Boys,Hip Hop,BEASTIE_BOYS
Black Rob,Hip Hop,BLACK_ROB
Busta Rhymes,Hip Hop,BUSTA_RHYMES
Coolio,Hip Hop,COOLIO
DMX,Hip Hop,DMX
Die Fantastischen Vier,Hip Hop,DIE_FANTASTISCHEN_VIER
Dr. Dre,Hip Hop,DR._DRE
Eminem,Hip Hop,EMINEM
Everlast,Hip Hop,EVERLAST
Fat Boys,Hip Hop,FAT_BOYS
Fugees,Hip Hop,FUGEES
Ice Cube,Hip Hop,ICE_CUBE
Luniz,Hip Hop,LUNIZ
MC Hammer,Hip Hop,MC_HAMMER
Marky Mark,Hip Hop,MARKY_MARK
Master P,Hip Hop,MASTER_P
Missy Elliott,Hip Hop,MISSY_ELLIOTT
Nas,Hip Hop,NAS
Nelly,Hip Hop,NELLY
Prince Ital Joe,Hip Hop,PRINCE_ITAL_JOE
Puff Daddy,Hip Hop,PUFF_DADDY
Salt-N-Pepa,Hip Hop,SALT-N-PEPA
Skee-Lo,Hip Hop,SKEE-LO
Snoop Dogg,Hip Hop,SNOOP_DOGG
Tag Team,Hip Hop,TAG_TEAM
The Outhere Brothers,Hip Hop,THE_OUTHERE_BROTHERS
The Sugarhill Gang,Hip Hop,THE_SUGARHILL_GANG
Tone-Loc,Hip Hop,TONE-LOC
Tupac,Hip Hop,TUPAC
Us3,Hip Hop,US3
Vanilla Ice,Hip Hop,VANILLA_ICE
Will Smith,Hip Hop,WILL_SMITH
ARMSTRONG LOUIS,Jazz,ARMSTRONG_LOUIS
Acoustic Alchemy,Jazz,ACOUSTIC_ALCHEMY
Al Hirt,Jazz,AL_HIRT
Al Jarreau,Jazz,AL_JARREAU
Ana Caram,Jazz,ANA_CARAM
Antonio Carlos,Jazz,ANTONIO_CARLOS
Basie,Jazz,BASIE
Bilk,Jazz,BILK
Bob James,Jazz,BOB_JAMES
Bobby McFerrin,Jazz,BOBBY_MCFERRIN
Boney James,Jazz,BONEY_JAMES
Calloway,Jazz,CALLOWAY
Chick Corea,Jazz,CHICK_COREA
Chris Barber's Jazz Band,Jazz,CHRIS_BARBER'S_JAZZ_BAND
Chuck Mangione,Jazz,CHUCK_MANGIONE
Claude Bolling,Jazz,CLAUDE_BOLLING
Cole Porter,Jazz,COLE_PORTER
Crosby Bing,Jazz,CROSBY_BING
Crusaders,Jazz,CRUSADERS
"DULFER, CANDY",Jazz,"DULFER,_CANDY"
Dave Brubeck,Jazz,DAVE_BRUBECK
Dave Grusin,Jazz,DAVE_GRUSIN
Davis Miles,Jazz,DAVIS_MILES
Dick Hyman,Jazz,DICK_HYMAN
Dietrich Marlene,Jazz,DIETRICH_MARLENE
Doris Day,Jazz,DORIS_DAY
Dorsey,Jazz,DORSEY
Duke Ellington,Jazz,DUKE_ELLINGTON
Erroll Garner,Jazz,ERROLL_GARNER
Eubie Blake,Jazz,EUBIE_BLAKE
Evans Bill,Jazz,EVANS_BILL
Fitzgerald Ella,Jazz,FITZGERALD_ELLA
Fourplay,Jazz,FOURPLAY
Frank Sinatra,Jazz,FRANK_SINATRA
Gary Burton,Jazz,GARY_BURTON
George Benson,Jazz,GEORGE_BENSON
Georgie Fame,Jazz,GEORGIE_FAME
Gershwin,Jazz,GERSHWIN
Gillespie Dizzy,Jazz,GILLESPIE_DIZZY
Gino Paoli,Jazz,GINO_PAOLI
Glenn Miller,Jazz,GLENN_MILLER
Greger,Jazz,GREGER
Hank Jones,Jazz,HANK_JONES
Hans Dulfer,Jazz,HANS_DULFER
Hawkins Erskine,Jazz,HAWKINS_ERSKINE
Henry Butler,Jazz,HENRY_BUTLER
Herb Alpert,Jazz,HERB_ALPERT
Herbie Hancock,Jazz,HERBIE_HANCOCK
Herbie Mann,Jazz,HERBIE_MANN
Hines Earl,Jazz,HINES_EARL
Holiday Billie,Jazz,HOLIDAY_BILLIE
Incognito,Jazz,INCOGNITO
Jack Jones,Jazz,JACK_JONES
Jackie McLean,Jazz,JACKIE_MCLEAN
Jaco Pastorius,Jazz,JACO_PASTORIUS
Jamaaladeen Tacuma,Jazz,JAMAALADEEN_TACUMA
Jerome Kern,Jazz,JEROME_KERN
Jimmy McGriff,Jazz,JIMMY_MCGRIFF
Jobim Antonio Carlos,Jazz,JOBIM_ANTONIO_CARLOS
John Scofield,Jazz,JOHN_SCOFIELD
Johnny Mercer,Jazz,JOHNNY_MERCER
Joseph Lamb,Jazz,JOSEPH_LAMB
Jule Styne,Jazz,JULE_STYNE
Just Friends,Jazz,JUST_FRIENDS
Kaempfert,Jazz,KAEMPFERT
Kenny Baker,Jazz,KENNY_BAKER
Kenny Dorham,Jazz,KENNY_DORHAM
Kenny G,Jazz,KENNY_G
Laine Cleo,Jazz,LAINE_CLEO
Le Grand Orchestre du Splendid,Jazz,LE_GRAND_ORCHESTRE_DU_SPLENDID
Lee Ritenour,Jazz,LEE_RITENOUR
Lena Horne,Jazz,LENA_HORNE
Louis Armstrong,Jazz,LOUIS_ARMSTRONG
Louis Prima,Jazz,LOUIS_PRIMA
Mann Herbie,Jazz,MANN_HERBIE
Mathis,Jazz,MATHIS
Matt Bianco,Jazz,MATT_BIANCO
Mezzoforte,Jazz,MEZZOFORTE
Modern Jazz Quartet,Jazz,MODERN_JAZZ_QUARTET
Nat King Cole,Jazz,NAT_KING_COLE
Nina Simone,Jazz,NINA_SIMONE
Nini Rosso,Jazz,NINI_ROSSO
Norman Connors,Jazz,NORMAN_CONNORS
Oscar Peterson,Jazz,OSCAR_PETERSON
Parker Charlie,Jazz,PARKER_CHARLIE
Pat Metheny,Jazz,PAT_METHENY
Porter Cole,Jazz,PORTER_COLE
Powell Bud,Jazz,POWELL_BUD
Quincy Jones,Jazz,QUINCY_JONES
Reinhardt Django,Jazz,REINHARDT_DJANGO
Renee Rosnes,Jazz,RENEE_ROSNES
"Rich , Buddy",Jazz,"RICH_,_BUDDY"
Rickie Lee Jones,Jazz,RICKIE_LEE_JONES
Ronny Jordan,Jazz,RONNY_JORDAN
"Sammy Davis, Jr.",Jazz,"SAMMY_DAVIS,_JR."
Sammy Nestico,Jazz,SAMMY_NESTICO
Sauter-Finegan Orchestra,Jazz,SAUTER-FINEGAN_ORCHESTRA
Scott Joplin,Jazz,SCOTT_JOPLIN
Sergio Mendes,Jazz,SERGIO_MENDES
Shakatak,Jazz,SHAKATAK
Shearing George,Jazz,SHEARING_GEORGE
Shirley Bassey,Jazz,SHIRLEY_BASSEY
Special EFX,Jazz,SPECIAL_EFX
Spyro Gyra,Jazz,SPYRO_GYRA
Squirrel Nut Zippers,Jazz,SQUIRREL_NUT_ZIPPERS
Stan Getz,Jazz,STAN_GETZ
Stan Kenton,Jazz,STAN_KENTON
Stanley Clarke,Jazz,STANLEY_CLARKE
Steps Ahead,Jazz,STEPS_AHEAD
Stern Mike,Jazz,STERN_MIKE
Steve Allen,Jazz,STEVE_ALLEN
Tatum Art,Jazz,TATUM_ART
The Ink Spots,Jazz,THE_INK_SPOTS
The Manhattan Transfer,Jazz,THE_MANHATTAN_TRANSFER
The Ramsey Lewis Trio,Jazz,THE_RAMSEY_LEWIS_TRIO
The Rippingtons,Jazz,THE_RIPPINGTONS
Thelonious Monk,Jazz,THELONIOUS_MONK
Tom McDermott,Jazz,TOM_MCDERMOTT
Tom Turpin,Jazz,TOM_TURPIN
Tyner Mccoy,Jazz,TYNER_MCCOY
UZEB,Jazz,UZEB
Vince Guaraldi,Jazz,VINCE_GUARALDI
Waller Fats,Jazz,WALLER_FATS
Walter Donaldson,Jazz,WALTER_DONALDSON
Washington Dinah,Jazz,WASHINGTON_DINAH
Watanabe,Jazz,WATANABE
Weather Report,Jazz,WEATHER_REPORT
Whiteman Paul & His Orchestra,Jazz,WHITEMAN_PAUL_&_HIS_ORCHESTRA
Wilson Teddy,Jazz,WILSON_TEDDY
Xavier Cugat,Jazz,XAVIER_CUGAT
Selena,Latin,SELENA
Black Rose,Metal,BLACK_ROSE
Black Sabbath,Metal,BLACK_SABBATH
Blind Guardian,Metal,BLIND_GUARDIAN
Deftones,Metal,DEFTONES
Dream Theater,Metal,DREAM_THEATER
Godsmack,Metal,GODSMACK
Iron Maiden,Metal,IRON_MAIDEN
Joe Satriani,Metal,JOE_SATRIANI
Judas Priest,Metal,JUDAS_PRIEST
Korn,Metal,KORN
Lucifer,Metal,LUCIFER
Malmsteen Yngwie,Metal,MALMSTEEN_YNGWIE
Megadeth,Metal,MEGADETH
Metallica,Metal,METALLICA
Motley Crue,Metal,MOTLEY_CRUE
Orgy,Metal,ORGY
Ozzy Osbourne,Metal,OZZY_OSBOURNE
Quartz,Metal,QUARTZ
Quiet Riot,Metal,QUIET_RIOT
Rammstein,Metal,RAMMSTEIN
Ratt,Metal,RATT
Rob Zombie,Metal,ROB_ZOMBIE
Rush,Metal,RUSH
Skid Row,Metal,SKID_ROW
Steve Vai,Metal,STEVE_VAI
Type O Negative,Metal,TYPE_O_NEGATIVE
White Zombie,Metal,WHITE_ZOMBIE
Chip Davis,New Age,CHIP_DAVIS
Enya,New Age,ENYA
Yanni,New Age,YANNI
Devo,New wave,DEVO
Oingo Boingo,New Wave,OINGO_BOINGO
"""Weird Al"" Yankovic",Other,"""WEIRD_AL""_YANKOVIC"
2Boys,Other,2BOYS
ANKA PAUL,Other,ANKA_PAUL
Adam & Eve,Other,ADAM_&_EVE
Al Jolson,Other,AL_JOLSON
Alberto Fortis,Other,ALBERTO_FORTIS
Alive,Other,ALIVE
Allan Sherman,Other,ALLAN_SHERMAN
Alpentrio Tirol,Other,ALPENTRIO_TIROL
Alunni del Sole,Other,ALUNNI_DEL_SOLE
Amanda McBroom,Other,AMANDA_MCBROOM
Ambra,Other,AMBRA
American Made,Other,AMERICAN_MADE
Ana Belen,Other,ANA_BELEN
Andre & Adriano,Other,ANDRE_&_ADRIANO
Andre Brasseur,Other,ANDRE_BRASSEUR
Andre Hazes,Other,ANDRE_HAZES
Andre Moss,Other,ANDRE_MOSS
Andre van Duin,Other,ANDRE_VAN_DUIN
Annie Cordy,Other,ANNIE_CORDY
Anthony Richard,Other,ANTHONY_RICHARD
Anx,Other,ANX
Armani,Other,ARMANI
Assia,Other,ASSIA
Atlantic Ocean,Other,ATLANTIC_OCEAN
Attila,Other,ATTILA
Au bonheur des dames,Other,AU_BONHEUR_DES_DAMES
"BAGINSKY,GABY",Other,"BAGINSKY,GABY"
BND,Other,BND
"BRECK,FREDDY",Other,"BRECK,FREDDY"
"BUTLER, JONATHAN",Other,"BUTLER,_JONATHAN"
Banda Blanca,Other,BANDA_BLANCA
Barry & Eileen,Other,BARRY_&_EILEEN
Barry John,Other,BARRY_JOHN
Barry Mann,Other,BARRY_MANN
Battiato,Other,BATTIATO
Baxter,Other,BAXTER
Belafonte Harry,Other,BELAFONTE_HARRY
Bell,Other,BELL
Beloved,Other,BELOVED
Ben Cramer,Other,BEN_CRAMER
Benjamin Arthur,Other,BENJAMIN_ARTHUR
Bennett,Other,BENNETT
Berger Michel,Other,BERGER_MICHEL
Berlin Irving,Other,BERLIN_IRVING
Bernd Cluver,Other,BERND_CLUVER
Bernhard Brink,Other,BERNHARD_BRINK
Bert Heerink,Other,BERT_HEERINK
Berte,Other,BERTE
Bertie Higgins,Other,BERTIE_HIGGINS
Big Mr.,Other,BIG_MR.
Billy Fury,Other,BILLY_FURY
Billy Mayerl,Other,BILLY_MAYERL
Billy Swan,Other,BILLY_SWAN
Bino,Other,BINO
Black,Other,BLACK
Black Fooss,Other,BLACK_FOOSS
Blattschuss,Other,BLATTSCHUSS
Bloodhound Gang,Other,BLOODHOUND_GANG
Blue System,Other,BLUE_SYSTEM
Blumchen,Other,BLUMCHEN
"Bobby ""Boris"" Pickett",Other,"BOBBY_""BORIS""_PICKETT"
Bobby Prins,Other,BOBBY_PRINS
Bombalurina,Other,BOMBALURINA
Bommbastic,Other,BOMMBASTIC
Bone,Other,BONE
Bonzo Dog Doo Dah Band,Other,BONZO_DOG_DOO_DAH_BAND
Booming Support,Other,BOOMING_SUPPORT
Borg Andy,Other,BORG_ANDY
Boxcar,Other,BOXCAR
Boy George,Other,BOY_GEORGE
Brassens Georges,Other,BRASSENS_GEORGES
Bread,Other,BREAD
Broadway,Other,BROADWAY
Brotherhood of Man,Other,BROTHERHOOD_OF_MAN
Brunner & Brunner,Other,BRUNNER_&_BRUNNER
Bruno,Other,BRUNO
Buena Vista Social Club,Other,BUENA_VISTA_SOCIAL_CLUB
Buggles,Other,BUGGLES
Burt Bacharach,Other,BURT_BACHARACH
Burton Lane,Other,BURTON_LANE
Buzz Clifford,Other,BUZZ_CLIFFORD
Byrd Charlie,Other,BYRD_CHARLIE
Byron Berline,Other,BYRON_BERLINE
C'est Tout,Other,C'EST_TOUT
"CHRISTIE,TONY",Other,"CHRISTIE,TONY"
"CORDALIS,COSTA",Other,"CORDALIS,COSTA"
Cabrel Francis,Other,CABREL_FRANCIS
Calimeros,Other,CALIMEROS
Calvert,Other,CALVERT
Carl Douglas,Other,CARL_DOUGLAS
Carl Teike,Other,CARL_TEIKE
Cascades,Other,CASCADES
Cats,Other,CATS
Champs,Other,CHAMPS
Charlebois Robert,Other,CHARLEBOIS_ROBERT
Charles Aznavour,Other,CHARLES_AZNAVOUR
Charlie Makes The Cook,Other,CHARLIE_MAKES_THE_COOK
Cheer,Other,CHEER
Cherry Poppin' Daddies,Other,CHERRY_POPPIN'_DADDIES
Cheryl Ladd,Other,CHERYL_LADD
Chip Taylor,Other,CHIP_TAYLOR
Chocolate,Other,CHOCOLATE
Chris Montez,Other,CHRIS_MONTEZ
Chris de Burgh,Other,CHRIS_DE_BURGH
Classics,Other,CLASSICS
Claude Francois,Other,CLAUDE_FRANCOIS
Conquistador,Other,CONQUISTADOR
De Deurzakkers,Other,DE_DEURZAKKERS
De Havenzangers,Other,DE_HAVENZANGERS
De Migra's,Other,DE_MIGRA'S
De Nachroave,Other,DE_NACHROAVE
Dee,Other,DEE
Diamond Jim,Other,DIAMOND_JIM
Die Doofen,Other,DIE_DOOFEN
Digno Garcia,Other,DIGNO_GARCIA
Dingetje,Other,DINGETJE
Dirotta su Cuba,Other,DIROTTA_SU_CUBA
Don Backy,Other,DON_BACKY
Duke,Other,DUKE
Duval,Other,DUVAL
EXILE,Other,EXILE
Edward Kleban,Other,EDWARD_KLEBAN
Ernst Neger,Other,ERNST_NEGER
Fabi,Other,FABI
Frank & Mirella,Other,FRANK_&_MIRELLA
Frank Galan,Other,FRANK_GALAN
Franky Boy,Other,FRANKY_BOY
Freek de Jonge,Other,FREEK_DE_JONGE
Gary Fane,Other,GARY_FANE
Gaskin Street,Other,GASKIN_STREET
Gebroeders Grimm,Other,GEBROEDERS_GRIMM
George M. Cohan,Other,GEORGE_M._COHAN
Gerard Cox,Other,GERARD_COX
Gilbert Becaud,Other,GILBERT_BECAUD
Gipsy Kings,Other,GIPSY_KINGS
Glover,Other,GLOVER
Goblin,Other,GOBLIN
Gompie,Other,GOMPIE
Gordon,Other,GORDON
Grandi,Other,GRANDI
Graziani,Other,GRAZIANI
Gregori,Other,GREGORI
Gruppo Sportivo,Other,GRUPPO_SPORTIVO
Hakkuhbar,Other,HAKKUHBAR
Harpo,Other,HARPO
Heidi Bruhl,Other,HEIDI_BRUHL
Herman,Other,HERMAN
Hohner,Other,HOHNER
Hollenboer,Other,HOLLENBOER
Hughie Cannon,Other,HUGHIE_CANNON
Huub Hangop,Other,HUUB_HANGOP
Images,Other,IMAGES
Izabella,Other,IZABELLA
James Colin,Other,JAMES_COLIN
Jeff,Other,JEFF
Jerry Mungo,Other,JERRY_MUNGO
Jive Bunny,Other,JIVE_BUNNY
John Robert,Other,JOHN_ROBERT
Johnny Hoes,Other,JOHNNY_HOES
Jolson. Al,Other,JOLSON._AL
Marilyn Monroe,Other,MARILYN_MONROE
Mark Snow,Other,MARK_SNOW
Martin Dean,Other,MARTIN_DEAN
Masini,Other,MASINI
Massada,Other,MASSADA
Meco,Other,MECO
Melina Mercouri,Other,MELINA_MERCOURI
Michael Ball,Other,MICHAEL_BALL
Michel Delpech,Other,MICHEL_DELPECH
Miller,Other,MILLER
Monty Python,Other,MONTY_PYTHON
New Vaudeville Band,Other,NEW_VAUDEVILLE_BAND
Oberkrainer,Other,OBERKRAINER
Paoli,Other,PAOLI
Paul de Leeuw,Other,PAUL_DE_LEEUW
Peppino di Capri,Other,PEPPINO_DI_CAPRI
Peter Cornelius,Other,PETER_CORNELIUS
Peter Koelewijn & Zijn Rockets,Other,PETER_KOELEWIJN_&_ZIJN_ROCKETS
Peter de Koning,Other,PETER_DE_KONING
Petty,Other,PETTY
Playmates,Other,PLAYMATES
Pooh,Other,POOH
Power Tools,Other,POWER_TOOLS
Puckett,Other,PUCKETT
Quick Pick,Other,QUICK_PICK
RODGERS RICHARD,Other,RODGERS_RICHARD
Rah Band,Other,RAH_BAND
Rascel,Other,RASCEL
Reeves,Other,REEVES
Rene Carol,Other,RENE_CAROL
Rene Klijn,Other,RENE_KLIJN
Renee de Haan,Other,RENEE_DE_HAAN
Renzo Arbore,Other,RENZO_ARBORE
Revere,Other,REVERE
Rionegro,Other,RIONEGRO
Robert Hampton,Other,ROBERT_HAMPTON
Roberts,Other,ROBERTS
Robin Cock,Other,ROBIN_COCK
Robinson,Other,ROBINSON
Rocky Horror,Other,ROCKY_HORROR
Ron,Other,RON
Ross,Other,ROSS
Rudi Carrell,Other,RUDI_CARRELL
Ruth Jacott,Other,RUTH_JACOTT
Ryan Paris,Other,RYAN_PARIS
SAM,Other,SAM
Saez,Other,SAEZ
Sailor Moon,Other,SAILOR_MOON
Salvatore Adamo,Other,SALVATORE_ADAMO
Santo,Other,SANTO
Save Ferris,Other,SAVE_FERRIS
Scott James,Other,SCOTT_JAMES
Sergio,Other,SERGIO
Sergio Franchi,Other,SERGIO_FRANCHI
Shalom,Other,SHALOM
Sorrenti,Other,SORRENTI
Stone & Stone,Other,STONE_&_STONE
Television Theme Songs,Other,TELEVISION_THEME_SONGS
Telly Savalas,Other,TELLY_SAVALAS
The Blue Diamonds,Other,THE_BLUE_DIAMONDS
The Dinky Toys,Other,THE_DINKY_TOYS
The Rutles,Other,THE_RUTLES
They Might Be Giants,Other,THEY_MIGHT_BE_GIANTS
U.S.A. for Africa,Other,U.S.A._FOR_AFRICA
Undercover,Other,UNDERCOVER
Vaughn,Other,VAUGHN
Vera,Other,VERA
Vera Lynn,Other,VERA_LYNN
Was (Not Was),Other,WAS_(NOT_WAS)
Wayne Jeff,Other,WAYNE_JEFF
Werner,Other,WERNER
Will Glahe,Other,WILL_GLAHE
Willeke Alberti,Other,WILLEKE_ALBERTI
Wing,Other,WING
Young Paul,Other,YOUNG_PAUL
Youssou N'Dour,Other,YOUSSOU_N'DOUR
Zamfir Gheorghe,Other,ZAMFIR_GHEORGHE
Zappa,Other,ZAPPA
Zappa Frank,Other,ZAPPA_FRANK
Zequinha Abreu,Other,ZEQUINHA_ABREU
Zero,Other,ZERO
mid,Other,MID
883,Pop,883
911,Pop,911
98 Degrees,Pop,98_DEGREES
A*Teens,Pop,A*TEENS
ABBA,Pop,ABBA
ABC,Pop,ABC
AL Bano,Pop,AL_BANO
Ace of Base,Pop,ACE_OF_BASE
Adamo,Pop,ADAMO
Adriano Celentano,Pop,ADRIANO_CELENTANO
Alain Barriere,Pop,ALAIN_BARRIERE
Alain Chamfort,Pop,ALAIN_CHAMFORT
Alain Souchon,Pop,ALAIN_SOUCHON
Albert Hammond,Pop,ALBERT_HAMMOND
Alberti,Pop,ALBERTI
Alexandra,Pop,ALEXANDRA
Alexia,Pop,ALEXIA
Alison Moyet,Pop,ALISON_MOYET
Alizee,Pop,ALIZEE
All Saints,Pop,ALL_SAINTS
Allan Theo,Pop,ALLAN_THEO
Alliage,Pop,ALLIAGE
Alma Cogan,Pop,ALMA_COGAN
Alphaville,Pop,ALPHAVILLE
Amedeo Minghi,Pop,AMEDEO_MINGHI
Anastacia,Pop,ANASTACIA
Andy Williams,Pop,ANDY_WILLIAMS
Animotion,Pop,ANIMOTION
Anna Oxa,Pop,ANNA_OXA
Annie Lennox,Pop,ANNIE_LENNOX
Antoine,Pop,ANTOINE
Antonello Venditti,Pop,ANTONELLO_VENDITTI
Aqua,Pop,AQUA
Atomic Kitten,Pop,ATOMIC_KITTEN
Axelle Red,Pop,AXELLE_RED
B*Witched,Pop,B*WITCHED
BBMak,Pop,BBMAK
Backstreet Boys,Pop,BACKSTREET_BOYS
Baglioni Claudio,Pop,BAGLIONI_CLAUDIO
Bananarama,Pop,BANANARAMA
Barlow Gary,Pop,BARLOW_GARY
Barry Manilow,Pop,BARRY_MANILOW
Basia,Pop,BASIA
Bay City Rollers,Pop,BAY_CITY_ROLLERS
Bee Gees,Pop,BEE_GEES
Belinda Carlisle,Pop,BELINDA_CARLISLE
Bette Midler,Pop,BETTE_MIDLER
Billie Myers,Pop,BILLIE_MYERS
Birkin,Pop,BIRKIN
Bjork,Pop,BJORK
Bobby Bloom,Pop,BOBBY_BLOOM
Bobby Goldsboro,Pop,BOBBY_GOLDSBORO
Bobby Vee,Pop,BOBBY_VEE
Bobby Vinton,Pop,BOBBY_VINTON
Boyzone,Pop,BOYZONE
Brian Hyland,Pop,BRIAN_HYLAND
Britney Spears,Pop,BRITNEY_SPEARS
Bros,Pop,BROS
Camaleonti,Pop,CAMALEONTI
Carboni,Pop,CARBONI
Carnes Kim,Pop,CARNES_KIM
Carpenter,Pop,CARPENTER
Carpenters,Pop,CARPENTERS
Carra,Pop,CARRA
Caterina Caselli,Pop,CATERINA_CASELLI
Cathy Dennis,Pop,CATHY_DENNIS
Caught in the Act,Pop,CAUGHT_IN_THE_ACT
Celine Dion,Pop,CELINE_DION
Cher,Pop,CHER
Chris Andrews,Pop,CHRIS_ANDREWS
Chris Roberts,Pop,CHRIS_ROBERTS
Christina Aguilera,Pop,CHRISTINA_AGUILERA
Cilla Black,Pop,CILLA_BLACK
Cindy & Bert,Pop,CINDY_&_BERT
Clerc Julien,Pop,CLERC_JULIEN
Clouseau,Pop,CLOUSEAU
Cocciante,Pop,COCCIANTE
Communards,Pop,COMMUNARDS
Connie Francis,Pop,CONNIE_FRANCIS
Corey Hart,Pop,COREY_HART
Corry Konings,Pop,CORRY_KONINGS
Crowded House,Pop,CROWDED_HOUSE
Culture Club,Pop,CULTURE_CLUB
Cyndi Lauper,Pop,CYNDI_LAUPER
Dalla,Pop,DALLA
Dalla Lucio,Pop,DALLA_LUCIO
Dallara,Pop,DALLARA
Dan Hartman,Pop,DAN_HARTMAN
Dan Hill,Pop,DAN_HILL
Daniel,Pop,DANIEL
Daniel Boone,Pop,DANIEL_BOONE
Daniele,Pop,DANIELE
Dannii Minogue,Pop,DANNII_MINOGUE
Danyel Gerard,Pop,DANYEL_GERARD
Darts,Pop,DARTS
David A. Stewart,Pop,DAVID_A._STEWART
David Essex,Pop,DAVID_ESSEX
David Gates,Pop,DAVID_GATES
Dead Or Alive,Pop,DEAD_OR_ALIVE
Debbie Gibson,Pop,DEBBIE_GIBSON
Deep Blue Something,Pop,DEEP_BLUE_SOMETHING
Demis Roussos,Pop,DEMIS_ROUSSOS
Dennie Christian,Pop,DENNIE_CHRISTIAN
Desireless,Pop,DESIRELESS
Dexys Midnight Runners,Pop,DEXYS_MIDNIGHT_RUNNERS
Dik Dik,Pop,DIK_DIK
Dizzy Man's Band,Pop,DIZZY_MAN'S_BAND
Doe Maar,Pop,DOE_MAAR
Dolls United,Pop,DOLLS_UNITED
Don Johnson,Pop,DON_JOHNSON
Donny Osmond,Pop,DONNY_OSMOND
Double,Pop,DOUBLE
Dr. Hook,Pop,DR._HOOK
Drafi Deutscher,Pop,DRAFI_DEUTSCHER
Drukwerk,Pop,DRUKWERK
Drupi,Pop,DRUPI
Duran Duran,Pop,DURAN_DURAN
Dusty Springfield,Pop,DUSTY_SPRINGFIELD
E-Type,Pop,E-TYPE
East 17,Pop,EAST_17
Edison Lighthouse,Pop,EDISON_LIGHTHOUSE
Elsa,Pop,ELSA
Elton John,Pop,ELTON_JOHN
Enrique Iglesias,Pop,ENRIQUE_IGLESIAS
Eric Carmen,Pop,ERIC_CARMEN
Eros Ramazzotti,Pop,EROS_RAMAZZOTTI
Estefan Gloria,Pop,ESTEFAN_GLORIA
Eurythmics,Pop,EURYTHMICS
Falco,Pop,FALCO
Fancy,Pop,FANCY
Fastball,Pop,FASTBALL
Fiorella Mannoia,Pop,FIORELLA_MANNOIA
First Class,Pop,FIRST_CLASS
Fluitsma,Pop,FLUITSMA
Fortunes,Pop,FORTUNES
Fossati Ivano,Pop,FOSSATI_IVANO
Foster David,Pop,FOSTER_DAVID
Foundations,Pop,FOUNDATIONS
Foundations The,Pop,FOUNDATIONS_THE
Francesco De Gregori,Pop,FRANCESCO_DE_GREGORI
Francis Connie,Pop,FRANCIS_CONNIE
Frank Mills,Pop,FRANK_MILLS
Frankie Valli,Pop,FRANKIE_VALLI
Freddie & The Dreamers,Pop,FREDDIE_&_THE_DREAMERS
Gary Puckett,Pop,GARY_PUCKETT
Gatto Panceri,Pop,GATTO_PANCERI
Gene Pitney,Pop,GENE_PITNEY
George Baker Selection,Pop,GEORGE_BAKER_SELECTION
George Michael,Pop,GEORGE_MICHAEL
Gerard Joling,Pop,GERARD_JOLING
Geri Halliwell,Pop,GERI_HALLIWELL
Gianni Bella,Pop,GIANNI_BELLA
Gilbert O'Sullivan,Pop,GILBERT_O'SULLIVAN
Gina G,Pop,GINA_G
Gino Vannelli,Pop,GINO_VANNELLI
Giorgia,Pop,GIORGIA
Glenn Medeiros,Pop,GLENN_MEDEIROS
Gloria Estefan,Pop,GLORIA_ESTEFAN
Go West,Pop,GO_WEST
Goo Goo Dolls,Pop,GOO_GOO_DOLLS
Grease,Pop,GREASE
Guesch Patti,Pop,GUESCH_PATTI
Guys 'n' Dolls,Pop,GUYS_'N'_DOLLS
Hanson,Pop,HANSON
Harry Nilsson,Pop,HARRY_NILSSON
Hasselhoff David,Pop,HASSELHOFF_DAVID
Helen Reddy,Pop,HELEN_REDDY
Herman's Hermits,Pop,HERMAN'S_HERMITS
Het Goede Doel,Pop,HET_GOEDE_DOEL
"Holm, Michael",Pop,"HOLM,_MICHAEL"
Howard Jones,Pop,HOWARD_JONES
Hue & Cry,Pop,HUE_&_CRY
Humperdinck Engelbert,Pop,HUMPERDINCK_ENGELBERT
Irene Cara,Pop,IRENE_CARA
Jackson Michael,Pop,JACKSON_MICHAEL
Jane Child,Pop,JANE_CHILD
Janet Jackson,Pop,JANET_JACKSON
Jann Arden,Pop,JANN_ARDEN
Jason Donovan,Pop,JASON_DONOVAN
Jennifer Lopez,Pop,JENNIFER_LOPEZ
Jennifer Rush,Pop,JENNIFER_RUSH
Jennifer Warnes,Pop,JENNIFER_WARNES
Jeremy Jackson,Pop,JEREMY_JACKSON
Jessica Simpson,Pop,JESSICA_SIMPSON
Jets,Pop,JETS
Jigsaw,Pop,JIGSAW
Jimmy Nail,Pop,JIMMY_NAIL
Jimmy Somerville,Pop,JIMMY_SOMERVILLE
Joe Dassin,Pop,JOE_DASSIN
Joe Dolce,Pop,JOE_DOLCE
John Elton,Pop,JOHN_ELTON
John Farnham,Pop,JOHN_FARNHAM
John Paul Young,Pop,JOHN_PAUL_YOUNG
Johnny Hates Jazz,Pop,JOHNNY_HATES_JAZZ
Johnny Logan,Pop,JOHNNY_LOGAN
Johnny Mathis,Pop,JOHNNY_MATHIS
Jon Secada,Pop,JON_SECADA
Jones,Pop,JONES
Jones Grace,Pop,JONES_GRACE
Jordy,Pop,JORDY
Jose Feliciano,Pop,JOSE_FELICIANO
Joshua Kadison,Pop,JOSHUA_KADISON
Jovanotti,Pop,JOVANOTTI
Julian Lennon,Pop,JULIAN_LENNON
Julie Andrews,Pop,JULIE_ANDREWS
Julie Covington,Pop,JULIE_COVINGTON
Julio Iglesias,Pop,JULIO_IGLESIAS
Jurgen Drews,Pop,JURGEN_DREWS
"KING,RICKY",Pop,"KING,RICKY"
KWS,Pop,KWS
Kalua Beach Boys,Pop,KALUA_BEACH_BOYS
Kaoma,Pop,KAOMA
Kelly R,Pop,KELLY_R
Kenny Loggins,Pop,KENNY_LOGGINS
Kiki Dee,Pop,KIKI_DEE
Kim Appleby,Pop,KIM_APPLEBY
Kim Wilde,Pop,KIM_WILDE
King Harvest,Pop,KING_HARVEST
Koos Alberts,Pop,KOOS_ALBERTS
Korgis,Pop,KORGIS
Kylie Minogue,Pop,KYLIE_MINOGUE
LEN,Pop,LEN
LaTour,Pop,LATOUR
Last,Pop,LAST
Laura Branigan,Pop,LAURA_BRANIGAN
Leali,Pop,LEALI
Leif Garrett,Pop,LEIF_GARRETT
Les Humphries Singers,Pop,LES_HUMPHRIES_SINGERS
Lesley Gore,Pop,LESLEY_GORE
Lewis,Pop,LEWIS
Lewis George,Pop,LEWIS_GEORGE
"Lewis Meade ""lux""",Pop,"LEWIS_MEADE_""LUX"""
Lewis Ramsey,Pop,LEWIS_RAMSEY
Liesbeth List,Pop,LIESBETH_LIST
Limahl,Pop,LIMAHL
Linda Ronstadt,Pop,LINDA_RONSTADT
Little Eva,Pop,LITTLE_EVA
Lobo,Pop,LOBO
Lois Lane,Pop,LOIS_LANE
Londonbeat,Pop,LONDONBEAT
Looking Glass,Pop,LOOKING_GLASS
Los Bravos,Pop,LOS_BRAVOS
Los Del Rio,Pop,LOS_DEL_RIO
Lou Bega,Pop,LOU_BEGA
Love Affair,Pop,LOVE_AFFAIR
Love Unlimited Orchestra,Pop,LOVE_UNLIMITED_ORCHESTRA
Lulu,Pop,LULU
Lunapop,Pop,LUNAPOP
Lutricia McNeal,Pop,LUTRICIA_MCNEAL
M,Pop,M
M2M,Pop,M2M
Madness,Pop,MADNESS
Madonna,Pop,MADONNA
Mandy Moore,Pop,MANDY_MOORE
Marc Almond,Pop,MARC_ALMOND
Marc Anthony,Pop,MARC_ANTHONY
Marc Cohn,Pop,MARC_COHN
Marco Borsato,Pop,MARCO_BORSATO
Mariah Carey,Pop,MARIAH_CAREY
Martika,Pop,MARTIKA
Masquerade,Pop,MASQUERADE
Matia Bazar,Pop,MATIA_BAZAR
Mecano,Pop,MECANO
Mel C,Pop,MEL_C
Miami Sound Machine,Pop,MIAMI_SOUND_MACHINE
Michael Bolton,Pop,MICHAEL_BOLTON
Michael Damian,Pop,MICHAEL_DAMIAN
Michael George,Pop,MICHAEL_GEORGE
Michael Jackson,Pop,MICHAEL_JACKSON
Michael Learns to Rock,Pop,MICHAEL_LEARNS_TO_ROCK
Michael McDonald,Pop,MICHAEL_MCDONALD
Michael Sembello,Pop,MICHAEL_SEMBELLO
Middle of the Road,Pop,MIDDLE_OF_THE_ROAD
Mike + The Mechanics,Pop,MIKE_+_THE_MECHANICS
Milli Vanilli,Pop,MILLI_VANILLI
Mina,Pop,MINA
Mixed Emotions,Pop,MIXED_EMOTIONS
Morandi,Pop,MORANDI
Morris Albert,Pop,MORRIS_ALBERT
Mosch,Pop,MOSCH
Murray Head,Pop,MURRAY_HEAD
Mylene Farmer,Pop,MYLENE_FARMER
Naked Eyes,Pop,NAKED_EYES
Nancy Sinatra,Pop,NANCY_SINATRA
Natalie Imbruglia,Pop,NATALIE_IMBRUGLIA
Natalie Merchant,Pop,NATALIE_MERCHANT
Neil Diamond,Pop,NEIL_DIAMOND
Neil Sedaka,Pop,NEIL_SEDAKA
Nek,Pop,NEK
Nena,Pop,NENA
New Kids on the Block,Pop,NEW_KIDS_ON_THE_BLOCK
Niamh Kavanagh,Pop,NIAMH_KAVANAGH
Nick Berry,Pop,NICK_BERRY
Nick Kamen,Pop,NICK_KAMEN
Nick MacKenzie,Pop,NICK_MACKENZIE
Nicki French,Pop,NICKI_FRENCH
Nico Landers,Pop,NICO_LANDERS
Nik Kershaw,Pop,NIK_KERSHAW
Nino De Angelo,Pop,NINO_DE_ANGELO
No Doubt,Pop,NO_DOUBT
No Mercy,Pop,NO_MERCY
Nomadi,Pop,NOMADI
Nuovi Angeli,Pop,NUOVI_ANGELI
OMC,Pop,OMC
Oliver,Pop,OLIVER
Olivia Newton-John,Pop,OLIVIA_NEWTON-JOHN
Ornella Vanoni,Pop,ORNELLA_VANONI
Paola Turci,Pop,PAOLA_TURCI
Pat Boone,Pop,PAT_BOONE
Patricia Paay,Pop,PATRICIA_PAAY
Patrick Bruel,Pop,PATRICK_BRUEL
Paul Anka,Pop,PAUL_ANKA
Paul Davis,Pop,PAUL_DAVIS
Paul Young,Pop,PAUL_YOUNG
Paula Abdul,Pop,PAULA_ABDUL
Paula Cole,Pop,PAULA_COLE
Perry Como,Pop,PERRY_COMO
Peter Allen,Pop,PETER_ALLEN
Peter Kent,Pop,PETER_KENT
Petula Clark,Pop,PETULA_CLARK
Player,Pop,PLAYER
Pseudo Echo,Pop,PSEUDO_ECHO
Raf,Pop,RAF
Raffaella Carra,Pop,RAFFAELLA_CARRA
Ramazzotti,Pop,RAMAZZOTTI
Randy Newman,Pop,RANDY_NEWMAN
Ray Parker Jr.,Pop,RAY_PARKER_JR.
Real Life,Pop,REAL_LIFE
Rembrandts,Pop,REMBRANDTS
Riccardo Cocciante,Pop,RICCARDO_COCCIANTE
Richard Harris,Pop,RICHARD_HARRIS
Richard Marx,Pop,RICHARD_MARX
Richard Sanderson,Pop,RICHARD_SANDERSON
Ricky Martin,Pop,RICKY_MARTIN
Right Said Fred,Pop,RIGHT_SAID_FRED
Robbie Williams,Pop,ROBBIE_WILLIAMS
Robert John,Pop,ROBERT_JOHN
Robyn,Pop,ROBYN
Romina Power Al Bano,Pop,ROMINA_POWER_AL_BANO
Ronan Keating,Pop,RONAN_KEATING
Roxette,Pop,ROXETTE
Roy Black,Pop,ROY_BLACK
Sam Brown,Pop,SAM_BROWN
Sandie Shaw,Pop,SANDIE_SHAW
Sarah McLachlan,Pop,SARAH_MCLACHLAN
Savage Garden,Pop,SAVAGE_GARDEN
"Schilling, Peter",Pop,"SCHILLING,_PETER"
Scritti Politti,Pop,SCRITTI_POLITTI
Sedaka Neil,Pop,SEDAKA_NEIL
Shaun Cassidy,Pop,SHAUN_CASSIDY
Sheena Easton,Pop,SHEENA_EASTON
Shelley Fabares,Pop,SHELLEY_FABARES
Showaddywaddy,Pop,SHOWADDYWADDY
Simon Paul,Pop,SIMON_PAUL
Simply Red,Pop,SIMPLY_RED
Sinead O'Connor,Pop,SINEAD_O'CONNOR
Sixpence None the Richer,Pop,SIXPENCE_NONE_THE_RICHER
Skylark,Pop,SKYLARK
Smash Mouth,Pop,SMASH_MOUTH
Solo,Pop,SOLO
Sonia,Pop,SONIA
Starland Vocal Band,Pop,STARLAND_VOCAL_BAND
Sting,Pop,STING
Streisand,Pop,STREISAND
Sugar Lee Hooper,Pop,SUGAR_LEE_HOOPER
Sugar Ray,Pop,SUGAR_RAY
Swing Out Sister,Pop,SWING_OUT_SISTER
Swingin' Medallions,Pop,SWINGIN'_MEDALLIONS
T'Pau,Pop,T'PAU
TURNER TINA,Pop,TURNER_TINA
Taco,Pop,TACO
Take That,Pop,TAKE_THAT
Talk Talk,Pop,TALK_TALK
Talk of the Town,Pop,TALK_OF_THE_TOWN
Tanita Tikaram,Pop,TANITA_TIKARAM
Tears n' Joy,Pop,TEARS_N'_JOY
Terry Jacks,Pop,TERRY_JACKS
Texas,Pop,TEXAS
The Archies,Pop,THE_ARCHIES
The B-52's,Pop,THE_B-52'S
The Bangles,Pop,THE_BANGLES
The Beautiful South,Pop,THE_BEAUTIFUL_SOUTH
The Bluebells,Pop,THE_BLUEBELLS
The Chordettes,Pop,THE_CHORDETTES
The Christians,Pop,THE_CHRISTIANS
The Corrs,Pop,THE_CORRS
The Cover Girls,Pop,THE_COVER_GIRLS
The Cowsills,Pop,THE_COWSILLS
The Flying Pickets,Pop,THE_FLYING_PICKETS
The Four Aces,Pop,THE_FOUR_ACES
The Four Preps,Pop,THE_FOUR_PREPS
The Go-Go's,Pop,THE_GO-GO'S
The Happenings,Pop,THE_HAPPENINGS
The Left Banke,Pop,THE_LEFT_BANKE
The McGuire Sisters,Pop,THE_MCGUIRE_SISTERS
The Monkees,Pop,THE_MONKEES
The Outfield,Pop,THE_OUTFIELD
The Partridge Family,Pop,THE_PARTRIDGE_FAMILY
The Raspberries,Pop,THE_RASPBERRIES
The Rubettes,Pop,THE_RUBETTES
The Shangri-Las,Pop,THE_SHANGRI-LAS
The Style Council,Pop,THE_STYLE_COUNCIL
Thompson Twins,Pop,THOMPSON_TWINS
Time Bandits,Pop,TIME_BANDITS
Tom Jones,Pop,TOM_JONES
Tommy Roe,Pop,TOMMY_ROE
Toni Basil,Pop,TONI_BASIL
Tony Orlando,Pop,TONY_ORLANDO
Tori Amos,Pop,TORI_AMOS
Toy Boy,Pop,TOY_BOY
Toys,Pop,TOYS
Tozzi Umberto,Pop,TOZZI_UMBERTO
Trini Lopez,Pop,TRINI_LOPEZ
Typically Tropical,Pop,TYPICALLY_TROPICAL
VOF de Kunst,Pop,VOF_DE_KUNST
Vanessa Williams,Pop,VANESSA_WILLIAMS
Vengaboys,Pop,VENGABOYS
Wang Chung,Pop,WANG_CHUNG
Wax,Pop,WAX
Westlife,Pop,WESTLIFE
Wet Wet Wet,Pop,WET_WET_WET
Will to Power,Pop,WILL_TO_POWER
Wilson Phillips,Pop,WILSON_PHILLIPS
Worlds Apart,Pop,WORLDS_APART
Yazz & plastic population,Pop,YAZZ_&_PLASTIC_POPULATION
Zucchero,Pop,ZUCCHERO
a-ha,Pop,A-HA
Celentano,Pop/Rock,CELENTANO
Christie,Pop/Rock,CHRISTIE
Christopher Cross,Pop/Rock,CHRISTOPHER_CROSS
Cliff Richard,Pop/Rock,CLIFF_RICHARD
Climax,Pop/Rock,CLIMAX
Cock Robin,Pop/Rock,COCK_ROBIN
NOFX,Punk,NOFX
702,R&B/Soul,702
Aaliyah,R&B/Soul,AALIYAH
Aaron Neville,R&B/Soul,AARON_NEVILLE
Al Wilson,R&B/Soul,AL_WILSON
Alexander O'Neal,R&B/Soul,ALEXANDER_O'NEAL
Allen Toussaint,R&B/Soul,ALLEN_TOUSSAINT
Allure,R&B/Soul,ALLURE
Anita Baker,R&B/Soul,ANITA_BAKER
Ann Peebles,R&B/Soul,ANN_PEEBLES
Another Level,R&B/Soul,ANOTHER_LEVEL
Aretha Franklin,R&B/Soul,ARETHA_FRANKLIN
Babyface,R&B/Soul,BABYFACE
Barry White,R&B/Soul,BARRY_WHITE
Ben E. King,R&B/Soul,BEN_E._KING
Bill Medley,R&B/Soul,BILL_MEDLEY
Bill Withers,R&B/Soul,BILL_WITHERS
Billy Ocean,R&B/Soul,BILLY_OCEAN
Billy Paul,R&B/Soul,BILLY_PAUL
Billy Preston,R&B/Soul,BILLY_PRESTON
Blaque,R&B/Soul,BLAQUE
Bobby Brown,R&B/Soul,BOBBY_BROWN
Booker T. & The MG's,R&B/Soul,BOOKER_T._&_THE_MG'S
Boyz II Men,R&B/Soul,BOYZ_II_MEN
Brandy,R&B/Soul,BRANDY
Brenton Wood,R&B/Soul,BRENTON_WOOD
Brian McKnight,R&B/Soul,BRIAN_MCKNIGHT
Bryson,R&B/Soul,BRYSON
Candi Staton,R&B/Soul,CANDI_STATON
Chaka Khan,R&B/Soul,CHAKA_KHAN
Champaign,R&B/Soul,CHAMPAIGN
Charles & Eddie,R&B/Soul,CHARLES_&_EDDIE
Cheryl Lynn,R&B/Soul,CHERYL_LYNN
"Clarence ""Frogman"" Henry",R&B/Soul,"CLARENCE_""FROGMAN""_HENRY"
Club Nouveau,R&B/Soul,CLUB_NOUVEAU
Color Me Badd,R&B/Soul,COLOR_ME_BADD
Commodores,R&B/Soul,COMMODORES
Cornelius Brothers,R&B/Soul,CORNELIUS_BROTHERS
Curtis Mayfield,R&B/Soul,CURTIS_MAYFIELD
DaWN,R&B/Soul,DAWN
Delfonics the,R&B/Soul,DELFONICS_THE
Destiny's Child,R&B/Soul,DESTINY'S_CHILD
Diana King,R&B/Soul,DIANA_KING
Diana Ross,R&B/Soul,DIANA_ROSS
Dina Carroll,R&B/Soul,DINA_CARROLL
Dionne Warwick,R&B/Soul,DIONNE_WARWICK
Dobie Gray,R&B/Soul,DOBIE_GRAY
Donna Hightower,R&B/Soul,DONNA_HIGHTOWER
Drifters,R&B/Soul,DRIFTERS
Ed Townsend,R&B/Soul,ED_TOWNSEND
Eddie Floyd,R&B/Soul,EDDIE_FLOYD
Eddie Holman,R&B/Soul,EDDIE_HOLMAN
El DeBarge,R&B/Soul,EL_DEBARGE
En Vogue,R&B/Soul,EN_VOGUE
Ernie K-Doe,R&B/Soul,ERNIE_K-DOE
Esther Phillips,R&B/Soul,ESTHER_PHILLIPS
Faith Evans,R&B/Soul,FAITH_EVANS
Fifth Dimension,R&B/Soul,FIFTH_DIMENSION
Flamingos,R&B/Soul,FLAMINGOS
Fontella Bass,R&B/Soul,FONTELLA_BASS
Forrest,R&B/Soul,FORREST
Freda Payne,R&B/Soul,FREDA_PAYNE
"Gaye,Marvin",R&B/Soul,"GAYE,MARVIN"
Gladys Knight,R&B/Soul,GLADYS_KNIGHT
Gwen McCrae,R&B/Soul,GWEN_MCCRAE
Harold Melvin,R&B/Soul,HAROLD_MELVIN
Honey Cone,R&B/Soul,HONEY_CONE
Houston Thelma,R&B/Soul,HOUSTON_THELMA
Ingram James,R&B/Soul,INGRAM_JAMES
Isaac Hayes,R&B/Soul,ISAAC_HAYES
J.J. Jackson,R&B/Soul,J.J._JACKSON
Jackie Wilson,R&B/Soul,JACKIE_WILSON
Jean Knight,R&B/Soul,JEAN_KNIGHT
Jeffrey Osborne,R&B/Soul,JEFFREY_OSBORNE
Jimmy Ruffin,R&B/Soul,JIMMY_RUFFIN
Jodeci,R&B/Soul,JODECI
Joe,R&B/Soul,JOE
Johnny Bristol,R&B/Soul,JOHNNY_BRISTOL
Johnny Gill,R&B/Soul,JOHNNY_GILL
Johnny Kemp,R&B/Soul,JOHNNY_KEMP
Juan Luis Guerra,R&B/Soul,JUAN_LUIS_GUERRA
K-Ci & JoJo,R&B/Soul,K-CI_&_JOJO
Keith,R&B/Soul,KEITH
King Ben E,R&B/Soul,KING_BEN_E
LaBelle,R&B/Soul,LABELLE
LaSalle,R&B/Soul,LASALLE
Lisa Stansfield,R&B/Soul,LISA_STANSFIELD
Lou Rawls,R&B/Soul,LOU_RAWLS
Luther Ingram,R&B/Soul,LUTHER_INGRAM
Luther Vandross,R&B/Soul,LUTHER_VANDROSS
MN8,R&B/Soul,MN8
Macy Gray,R&B/Soul,MACY_GRAY
Major Harris,R&B/Soul,MAJOR_HARRIS
Mark Morrison,R&B/Soul,MARK_MORRISON
Martha Reeves,R&B/Soul,MARTHA_REEVES
Marvin Gaye,R&B/Soul,MARVIN_GAYE
Mary Wells,R&B/Soul,MARY_WELLS
McFadden & Whitehead,R&B/Soul,MCFADDEN_&_WHITEHEAD
Mel Carter,R&B/Soul,MEL_CARTER
Mica Paris,R&B/Soul,MICA_PARIS
Mickey & Sylvia,R&B/Soul,MICKEY_&_SYLVIA
Omar,R&B/Soul,OMAR
Otis Redding,R&B/Soul,OTIS_REDDING
Prince,R&B/Soul,PRINCE
R. Kelly,R&B/Soul,R._KELLY
REDDING OTIS,R&B/Soul,REDDING_OTIS
Randy Crawford,R&B/Soul,RANDY_CRAWFORD
Raydio,R&B/Soul,RAYDIO
Robert Knight,R&B/Soul,ROBERT_KNIGHT
Rockwell,R&B/Soul,ROCKWELL
Ruby & The Romantics,R&B/Soul,RUBY_&_THE_ROMANTICS
Rufus,R&B/Soul,RUFUS
Rufus Thomas,R&B/Soul,RUFUS_THOMAS
Sade,R&B/Soul,SADE
Sam & Dave,R&B/Soul,SAM_&_DAVE
Sam Cooke,R&B/Soul,SAM_COOKE
Shanice,R&B/Soul,SHANICE
Shep & The Limelites,R&B/Soul,SHEP_&_THE_LIMELITES
Shola Ama,R&B/Soul,SHOLA_AMA
Sisqo,R&B/Soul,SISQO
Smokey Robinson,R&B/Soul,SMOKEY_ROBINSON
Soul II Soul,R&B/Soul,SOUL_II_SOUL
Spinners,R&B/Soul,SPINNERS
Stephanie Mills,R&B/Soul,STEPHANIE_MILLS
Stevie B,R&B/Soul,STEVIE_B
Stevie Wonder,R&B/Soul,STEVIE_WONDER
Surface,R&B/Soul,SURFACE
TLC,R&B/Soul,TLC
Tatyana Ali,R&B/Soul,TATYANA_ALI
Tavares,R&B/Soul,TAVARES
The Brown James,R&B/Soul,THE_BROWN_JAMES
The Chi-Lites,R&B/Soul,THE_CHI-LITES
The Contours,R&B/Soul,THE_CONTOURS
The Five Satins,R&B/Soul,THE_FIVE_SATINS
The Five Stairsteps,R&B/Soul,THE_FIVE_STAIRSTEPS
The Gap Band,R&B/Soul,THE_GAP_BAND
The Isley Brothers,R&B/Soul,THE_ISLEY_BROTHERS
The Main Ingredient,R&B/Soul,THE_MAIN_INGREDIENT
The Manhattans,R&B/Soul,THE_MANHATTANS
The Marcels,R&B/Soul,THE_MARCELS
The O'Jays,R&B/Soul,THE_O'JAYS
The Pasadenas,R&B/Soul,THE_PASADENAS
The Platters,R&B/Soul,THE_PLATTERS
The Pointer Sisters,R&B/Soul,THE_POINTER_SISTERS
The Righteous Brothers,R&B/Soul,THE_RIGHTEOUS_BROTHERS
The Ronettes,R&B/Soul,THE_RONETTES
The Stylistics,R&B/Soul,THE_STYLISTICS
The Supremes,R&B/Soul,THE_SUPREMES
The Sylvers,R&B/Soul,THE_SYLVERS
The Temptations,R&B/Soul,THE_TEMPTATIONS
The Tony Rich Project,R&B/Soul,THE_TONY_RICH_PROJECT
The Whispers,R&B/Soul,THE_WHISPERS
Three degrees the,R&B/Soul,THREE_DEGREES_THE
Toni Braxton,R&B/Soul,TONI_BRAXTON
Toussaint,R&B/Soul,TOUSSAINT
Usher,R&B/Soul,USHER
Van McCoy,R&B/Soul,VAN_MCCOY
"Warwick, Dionne",R&B/Soul,"WARWICK,_DIONNE"
Wendy Moten,R&B/Soul,WENDY_MOTEN
Whitney Houston,R&B/Soul,WHITNEY_HOUSTON
Wilson Pickett,R&B/Soul,WILSON_PICKETT
"Wilson,Jackie",R&B/Soul,"WILSON,JACKIE"
Womack,R&B/Soul,WOMACK
Wonder Stevie,R&B/Soul,WONDER_STEVIE
Xscape,R&B/Soul,XSCAPE
Zhane,R&B/Soul,ZHANE
Beres Hammond,Reggae,BERES_HAMMOND
Big Mountain,Reggae,BIG_MOUNTAIN
Bob Marley,Reggae,BOB_MARLEY
"Boothe, Ken",Reggae,"BOOTHE,_KEN"
C.J. Lewis,Reggae,C.J._LEWIS
Chaka Demus,Reggae,CHAKA_DEMUS
Desmond Dekker,Reggae,DESMOND_DEKKER
Eddy Grant,Reggae,EDDY_GRANT
Jimmy Cliff,Reggae,JIMMY_CLIFF
Johnny Nash,Reggae,JOHNNY_NASH
Kamoze Ini,Reggae,KAMOZE_INI
Lloyd James,Reggae,LLOYD_JAMES
Marley Bob,Reggae,MARLEY_BOB
Maxi Priest,Reggae,MAXI_PRIEST
Pato Banton,Reggae,PATO_BANTON
Peter Tosh,Reggae,PETER_TOSH
Shaggy,Reggae,SHAGGY
Soulful Dynamics,Reggae,SOULFUL_DYNAMICS
UB40,Reggae,UB40
Bob Carlisle,Religious,BOB_CARLISLE
Godspell,Religious,GODSPELL
Jars of Clay,Religious,JARS_OF_CLAY
Mahalia Jackson,Religious,MAHALIA_JACKSON
Mocedades,Religious,MOCEDADES
Twila Paris,Religious,TWILA_PARIS
dc Talk,Religious,DC_TALK
"10,000 Maniacs",Rock,"10,000_MANIACS"
10cc,Rock,10CC
311,Rock,311
4 Non Blondes,Rock,4_NON_BLONDES
AC DC,Rock,AC_DC
Ace,Rock,ACE
Ace Frehley,Rock,ACE_FREHLEY
Aerosmith,Rock,AEROSMITH
Air Supply,Rock,AIR_SUPPLY
Al Stewart,Rock,AL_STEWART
Alain Bashung,Rock,ALAIN_BASHUNG
Alan Parsons,Rock,ALAN_PARSONS
Alanis Morissette,Rock,ALANIS_MORISSETTE
Alannah Myles,Rock,ALANNAH_MYLES
Alice,Rock,ALICE
Alice Cooper,Rock,ALICE_COOPER
Alice in Chains,Rock,ALICE_IN_CHAINS
Alien Ant Farm,Rock,ALIEN_ANT_FARM
Alvin Stardust,Rock,ALVIN_STARDUST
America,Rock,AMERICA
Andrew Gold,Rock,ANDREW_GOLD
Aphrodite's Child,Rock,APHRODITE'S_CHILD
Asia,Rock,ASIA
Atlanta Rhythm Section,Rock,ATLANTA_RHYTHM_SECTION
BAP,Rock,BAP
BERRY CHUCK,Rock,BERRY_CHUCK
BOWIE DAVID,Rock,BOWIE_DAVID
Babylon Zoo,Rock,BABYLON_ZOO
Bachman-Turner Overdrive,Rock,BACHMAN-TURNER_OVERDRIVE
Bad Company,Rock,BAD_COMPANY
Band,Rock,BAND
Barenaked Ladies,Rock,BARENAKED_LADIES
Beck,Rock,BECK
Ben Folds Five,Rock,BEN_FOLDS_FIVE
Berlin,Rock,BERLIN
Bill Haley,Rock,BILL_HALEY
Bill Haley & His Comets,Rock,BILL_HALEY_&_HIS_COMETS
Billy Idol,Rock,BILLY_IDOL
Billy Joel,Rock,BILLY_JOEL
Blind Melon,Rock,BLIND_MELON
Blondie,Rock,BLONDIE
"Blood, Sweat & Tears",Rock,"BLOOD,_SWEAT_&_TEARS"
Blue Oyster Cult,Rock,BLUE_OYSTER_CULT
Blues Traveler,Rock,BLUES_TRAVELER
Blur,Rock,BLUR
Bob Seger,Rock,BOB_SEGER
Bob Welch,Rock,BOB_WELCH
Bobby Darin,Rock,BOBBY_DARIN
Bobby Rydell,Rock,BOBBY_RYDELL
Bon Jovi,Rock,BON_JOVI
Bonnie Tyler,Rock,BONNIE_TYLER
Boston,Rock,BOSTON
Boz Scaggs,Rock,BOZ_SCAGGS
Brian May,Rock,BRIAN_MAY
Brian Wilson,Rock,BRIAN_WILSON
Brownsville Station,Rock,BROWNSVILLE_STATION
Bruce Channel,Rock,BRUCE_CHANNEL
Bruce Hornsby,Rock,BRUCE_HORNSBY
Bruce Hornsby & The Range,Rock,BRUCE_HORNSBY_&_THE_RANGE
Bruce Springsteen,Rock,BRUCE_SPRINGSTEEN
Bryan Adams,Rock,BRYAN_ADAMS
Buddy Holly,Rock,BUDDY_HOLLY
Buffalo Springfield,Rock,BUFFALO_SPRINGFIELD
Bush,Rock,BUSH
Cake,Rock,CAKE
Camel,Rock,CAMEL
Cannibal & The Headhunters,Rock,CANNIBAL_&_THE_HEADHUNTERS
Cheap Trick,Rock,CHEAP_TRICK
Chicago,Rock,CHICAGO
Chris Isaak,Rock,CHRIS_ISAAK
Chris Norman,Rock,CHRIS_NORMAN
Chris Rea,Rock,CHRIS_REA
Christie Lou,Rock,CHRISTIE_LOU
Chumbawamba,Rock,CHUMBAWAMBA
Classics IV,Rock,CLASSICS_IV
Clout,Rock,CLOUT
Cocker,Rock,COCKER
Collective Soul,Rock,COLLECTIVE_SOUL
Commander Cody,Rock,COMMANDER_CODY
Crash Test Dummies,Rock,CRASH_TEST_DUMMIES
Cream,Rock,CREAM
Creed,Rock,CREED
Creedence Clearwater Revival,Rock,CREEDENCE_CLEARWATER_REVIVAL
Crickets,Rock,CRICKETS
"Crosby, Stills, Nash & Young",Rock,"CROSBY,_STILLS,_NASH_&_YOUNG"
Crow Sheryl,Rock,CROW_SHERYL
Crowd,Rock,CROWD
Curtis Lee,Rock,CURTIS_LEE
Danny & The Juniors,Rock,DANNY_&_THE_JUNIORS
Darin Bobby,Rock,DARIN_BOBBY
Dave Mason,Rock,DAVE_MASON
Dave Matthews Band,Rock,DAVE_MATTHEWS_BAND
David Bowie,Rock,DAVID_BOWIE
David Byrne,Rock,DAVID_BYRNE
David Lee Roth,Rock,DAVID_LEE_ROTH
Deacon Blue,Rock,DEACON_BLUE
Deep Purple,Rock,DEEP_PURPLE
Def Leppard,Rock,DEF_LEPPARD
Del Shannon,Rock,DEL_SHANNON
Derby,Rock,DERBY
Derek and the Dominos,Rock,DEREK_AND_THE_DOMINOS
Die Arzte,Rock,DIE_ARZTE
Dion,Rock,DION
Dire Straits,Rock,DIRE_STRAITS
Divinyls,Rock,DIVINYLS
Domino Fats,Rock,DOMINO_FATS
Don Henley,Rock,DON_HENLEY
Eagle-Eye Cherry,Rock,EAGLE-EYE_CHERRY
Eagles,Rock,EAGLES
Eddie Cochran,Rock,EDDIE_COCHRAN
Eddie Money,Rock,EDDIE_MONEY
Edgar Winter,Rock,EDGAR_WINTER
Edwyn Collins,Rock,EDWYN_COLLINS
Electric Light Orchestra,Rock,ELECTRIC_LIGHT_ORCHESTRA
Elkie Brooks,Rock,ELKIE_BROOKS
Elvis,Rock,ELVIS
Elvis Presley,Rock,ELVIS_PRESLEY
"Emerson, Lake & Palmer",Rock,"EMERSON,_LAKE_&_PALMER"
Equals,Rock,EQUALS
Eric Johnson,Rock,ERIC_JOHNSON
Eve 6,Rock,EVE_6
Extreme,Rock,EXTREME
FIXX,Rock,FIXX
Faith,Rock,FAITH
Faith No More,Rock,FAITH_NO_MORE
Far Corporation,Rock,FAR_CORPORATION
Fats Domino,Rock,FATS_DOMINO
Feargal Sharkey,Rock,FEARGAL_SHARKEY
Fiona Apple,Rock,FIONA_APPLE
Firefall,Rock,FIREFALL
Five Man Electrical Band,Rock,FIVE_MAN_ELECTRICAL_BAND
Fleetwood Mac,Rock,FLEETWOOD_MAC
Fluid,Rock,FLUID
Focus,Rock,FOCUS
Fontana,Rock,FONTANA
Foo Fighters,Rock,FOO_FIGHTERS
Foreigner,Rock,FOREIGNER
Freddie Mercury,Rock,FREDDIE_MERCURY
Free,Rock,FREE
Gallery,Rock,GALLERY
Garbage,Rock,GARBAGE
Gary Glitter,Rock,GARY_GLITTER
Gary Lewis,Rock,GARY_LEWIS
Gary Moore,Rock,GARY_MOORE
Gary Wright,Rock,GARY_WRIGHT
Gene Vincent,Rock,GENE_VINCENT
Genesis,Rock,GENESIS
George Harrison,Rock,GEORGE_HARRISON
George Thorogood,Rock,GEORGE_THOROGOOD
Gerry & The Pacemakers,Rock,GERRY_&_THE_PACEMAKERS
Gerry Rafferty,Rock,GERRY_RAFFERTY
Gin Blossoms,Rock,GIN_BLOSSOMS
Golden Earring,Rock,GOLDEN_EARRING
Grand Funk Railroad,Rock,GRAND_FUNK_RAILROAD
Grateful Dead,Rock,GRATEFUL_DEAD
Great White,Rock,GREAT_WHITE
Green Day,Rock,GREEN_DAY
Greenbaum Norman,Rock,GREENBAUM_NORMAN
Greg Kihn,Rock,GREG_KIHN
Guess Who,Rock,GUESS_WHO
Guns N' Roses,Rock,GUNS_N'_ROSES
Haley,Rock,HALEY
Hall & Oates,Rock,HALL_&_OATES
Harvey Danger,Rock,HARVEY_DANGER
Hole,Rock,HOLE
Home Grown,Rock,HOME_GROWN
Hootie & the Blowfish,Rock,HOOTIE_&_THE_BLOWFISH
Huey Lewis,Rock,HUEY_LEWIS
Huey Lewis & The News,Rock,HUEY_LEWIS_&_THE_NEWS
INXS,Rock,INXS
Imperial Teen,Rock,IMPERIAL_TEEN
Iron Butterfly,Rock,IRON_BUTTERFLY
J.J. Cale,Rock,J.J._CALE
Jackson Browne,Rock,JACKSON_BROWNE
Jaggerz,Rock,JAGGERZ
James,Rock,JAMES
Jan & Dean,Rock,JAN_&_DEAN
Jane's Addiction,Rock,JANE'S_ADDICTION
Janis Joplin,Rock,JANIS_JOPLIN
Jay & The Americans,Rock,JAY_&_THE_AMERICANS
Jeff Beck,Rock,JEFF_BECK
Jefferson Starship,Rock,JEFFERSON_STARSHIP
Jesus Jones,Rock,JESUS_JONES
Jethro Tull,Rock,JETHRO_TULL
Jett,Rock,JETT
Jimi Hendrix,Rock,JIMI_HENDRIX
Jimmy Barnes,Rock,JIMMY_BARNES
Jimmy Gilmer,Rock,JIMMY_GILMER
Jimmy James,Rock,JIMMY_JAMES
Joan Jett,Rock,JOAN_JETT
Joan Osborne,Rock,JOAN_OSBORNE
Jody Reynolds,Rock,JODY_REYNOLDS
Joe Cocker,Rock,JOE_COCKER
Joe Jackson,Rock,JOE_JACKSON
Joe Walsh,Rock,JOE_WALSH
Joey Dee,Rock,JOEY_DEE
Joey Ramone,Rock,JOEY_RAMONE
John Fogerty,Rock,JOHN_FOGERTY
John Fred,Rock,JOHN_FRED
John Lennon,Rock,JOHN_LENNON
John Waite,Rock,JOHN_WAITE
Johnny & The Hurricanes,Rock,JOHNNY_&_THE_HURRICANES
Johnny Rivers,Rock,JOHNNY_RIVERS
Journey,Rock,JOURNEY
Kate Bush,Rock,KATE_BUSH
Kid Rock,Rock,KID_ROCK
King Crimson,Rock,KING_CRIMSON
Kingsmen,Rock,KINGSMEN
Kramer,Rock,KRAMER
LIGABUE,Rock,LIGABUE
Led Zeppelin,Rock,LED_ZEPPELIN
Lennon John,Rock,LENNON_JOHN
Lenny Kravitz,Rock,LENNY_KRAVITZ
Leon Russell,Rock,LEON_RUSSELL
Limp Bizkit,Rock,LIMP_BIZKIT
Lit,Rock,LIT
Little Richard,Rock,LITTLE_RICHARD
Little River Band,Rock,LITTLE_RIVER_BAND
Local H,Rock,LOCAL_H
Loggins & Messina,Rock,LOGGINS_&_MESSINA
Los Lobos,Rock,LOS_LOBOS
Lou Reed,Rock,LOU_REED
Love Sculpture,Rock,LOVE_SCULPTURE
Loverboy,Rock,LOVERBOY
Lynyrd Skynyrd,Rock,LYNYRD_SKYNYRD
Manfred Mann,Rock,MANFRED_MANN
Marcy Playground,Rock,MARCY_PLAYGROUND
Maria McKee,Rock,MARIA_MCKEE
Marianne Faithfull,Rock,MARIANNE_FAITHFULL
Marillion,Rock,MARILLION
Marky Ramone,Rock,MARKY_RAMONE
Marx Richard,Rock,MARX_RICHARD
McCartney,Rock,MCCARTNEY
McCoys,Rock,MCCOYS
McDonald,Rock,MCDONALD
Meat Loaf,Rock,MEAT_LOAF
Meat Puppets,Rock,MEAT_PUPPETS
Melissa Etheridge,Rock,MELISSA_ETHERIDGE
Men at Work,Rock,MEN_AT_WORK
Meredith Brooks,Rock,MEREDITH_BROOKS
Michael Penn,Rock,MICHAEL_PENN
Michael Stanley Band,Rock,MICHAEL_STANLEY_BAND
Midnight Oil,Rock,MIDNIGHT_OIL
Mike Reno,Rock,MIKE_RENO
Mitch Ryder,Rock,MITCH_RYDER
Mott The Hoople,Rock,MOTT_THE_HOOPLE
Mr. Mister,Rock,MR._MISTER
Mud,Rock,MUD
Nashville Teens,Rock,NASHVILLE_TEENS
Nazareth,Rock,NAZARETH
Neil Young,Rock,NEIL_YOUNG
Nick Gilder,Rock,NICK_GILDER
Night Ranger,Rock,NIGHT_RANGER
Nine Days,Rock,NINE_DAYS
Nirvana,Rock,NIRVANA
Norman Greenbaum,Rock,NORMAN_GREENBAUM
Oasis,Rock,OASIS
Ocean Colour Scene,Rock,OCEAN_COLOUR_SCENE
Ohio Express,Rock,OHIO_EXPRESS
Opus,Rock,OPUS
Orleans,Rock,ORLEANS
Outcasts,Rock,OUTCASTS
Patti Smith,Rock,PATTI_SMITH
Paul McCartney,Rock,PAUL_MCCARTNEY
Paul Revere and The Raiders,Rock,PAUL_REVERE_AND_THE_RAIDERS
Pearl Jam,Rock,PEARL_JAM
Peter Frampton,Rock,PETER_FRAMPTON
Peter Gabriel,Rock,PETER_GABRIEL
Peter Maffay,Rock,PETER_MAFFAY
Phish,Rock,PHISH
Pink Floyd,Rock,PINK_FLOYD
Presidents Of The United States,Rock,PRESIDENTS_OF_THE_UNITED_STATES
Primus,Rock,PRIMUS
Procol Harum,Rock,PROCOL_HARUM
Quarterflash,Rock,QUARTERFLASH
Quatro,Rock,QUATRO
Queen,Rock,QUEEN
R.E.M.,Rock,R.E.M.
REO Speedwagon,Rock,REO_SPEEDWAGON
Radiohead,Rock,RADIOHEAD
Rage Against the Machine,Rock,RAGE_AGAINST_THE_MACHINE
Rainbow,Rock,RAINBOW
Ram Jam,Rock,RAM_JAM
Rare Earth,Rock,RARE_EARTH
Rea,Rock,REA
Red,Rock,RED
Red Hot Chili Peppers,Rock,RED_HOT_CHILI_PEPPERS
Reel Big Fish,Rock,REEL_BIG_FISH
Rick,Rock,RICK
Rick Derringer,Rock,RICK_DERRINGER
Rick Springfield,Rock,RICK_SPRINGFIELD
Rita Coolidge,Rock,RITA_COOLIDGE
Robert Palmer,Rock,ROBERT_PALMER
Robin Beck,Rock,ROBIN_BECK
Romantics,Rock,ROMANTICS
Ronnie Spector,Rock,RONNIE_SPECTOR
Rossi Vasco,Rock,ROSSI_VASCO
Roxy Music,Rock,ROXY_MUSIC
Ruggeri,Rock,RUGGERI
Sailor,Rock,SAILOR
Sam the Sham & The Pharaohs,Rock,SAM_THE_SHAM_&_THE_PHARAOHS
Sammy Hagar,Rock,SAMMY_HAGAR
Santana,Rock,SANTANA
Scorpions,Rock,SCORPIONS
Scott McKenzie,Rock,SCOTT_MCKENZIE
Searchers,Rock,SEARCHERS
Semisonic,Rock,SEMISONIC
Sheriff,Rock,SHERIFF
Sheryl Crow,Rock,SHERYL_CROW
Shocking Blue,Rock,SHOCKING_BLUE
Simple Minds,Rock,SIMPLE_MINDS
Sister Hazel,Rock,SISTER_HAZEL
Slipstream,Rock,SLIPSTREAM
Small Faces,Rock,SMALL_FACES
Smokie,Rock,SMOKIE
Sniff 'n' the Tears,Rock,SNIFF_'N'_THE_TEARS
Soul Asylum,Rock,SOUL_ASYLUM
Soundgarden,Rock,SOUNDGARDEN
Sparks,Rock,SPARKS
Spin Doctors,Rock,SPIN_DOCTORS
Squeeze,Rock,SQUEEZE
Stampeders,Rock,STAMPEDERS
Starship,Rock,STARSHIP
Steely Dan,Rock,STEELY_DAN
Steve Miller Band,Rock,STEVE_MILLER_BAND
Steve Winwood,Rock,STEVE_WINWOOD
Stevens Shakin,Rock,STEVENS_SHAKIN
Stevie Nicks,Rock,STEVIE_NICKS
Stewart Rod,Rock,STEWART_ROD
Stiltskin,Rock,STILTSKIN
Stone Temple Pilots,Rock,STONE_TEMPLE_PILOTS
Stories,Rock,STORIES
Strawberry Alarm Clock,Rock,STRAWBERRY_ALARM_CLOCK
Stray Cats,Rock,STRAY_CATS
Styx,Rock,STYX
Sublime,Rock,SUBLIME
Sugarloaf,Rock,SUGARLOAF
Survivor,Rock,SURVIVOR
Suzanne Vega,Rock,SUZANNE_VEGA
Suzi Quatro,Rock,SUZI_QUATRO
Sweet,Rock,SWEET
T. Rex,Rock,T._REX
Tal Bachman,Rock,TAL_BACHMAN
Talking Heads,Rock,TALKING_HEADS
Taylor James,Rock,TAYLOR_JAMES
Ted Nugent,Rock,TED_NUGENT
Ten Years After,Rock,TEN_YEARS_AFTER
The Alan Parsons Project,Rock,THE_ALAN_PARSONS_PROJECT
The Allman Brothers Band,Rock,THE_ALLMAN_BROTHERS_BAND
The Animals,Rock,THE_ANIMALS
The Association,Rock,THE_ASSOCIATION
The Babys,Rock,THE_BABYS
The Beach Boys,Rock,THE_BEACH_BOYS
The Beatles,Rock,THE_BEATLES
The Beau Brummels,Rock,THE_BEAU_BRUMMELS
The Boomtown Rats,Rock,THE_BOOMTOWN_RATS
The Box Tops,Rock,THE_BOX_TOPS
The Brian Setzer Orchestra,Rock,THE_BRIAN_SETZER_ORCHESTRA
The Buckinghams,Rock,THE_BUCKINGHAMS
The Byrds,Rock,THE_BYRDS
The Cars,Rock,THE_CARS
The Clash,Rock,THE_CLASH
The Cranberries,Rock,THE_CRANBERRIES
The Cure,Rock,THE_CURE
The Cyrkle,Rock,THE_CYRKLE
The Dave Clark Five,Rock,THE_DAVE_CLARK_FIVE
The Doobie Brothers,Rock,THE_DOOBIE_BROTHERS
The Doors,Rock,THE_DOORS
The Easybeats,Rock,THE_EASYBEATS
The Escape Club,Rock,THE_ESCAPE_CLUB
The Everly Brothers,Rock,THE_EVERLY_BROTHERS
The Fixx,Rock,THE_FIXX
The Grass Roots,Rock,THE_GRASS_ROOTS
The Hollies,Rock,THE_HOLLIES
The Honeydrippers,Rock,THE_HONEYDRIPPERS
The Hooters,Rock,THE_HOOTERS
The J. Geils Band,Rock,THE_J._GEILS_BAND
The Kinks,Rock,THE_KINKS
The Knack,Rock,THE_KNACK
The Lemon Pipers,Rock,THE_LEMON_PIPERS
The Lemonheads,Rock,THE_LEMONHEADS
The Lovin' Spoonful,Rock,THE_LOVIN'_SPOONFUL
The McCoys,Rock,THE_MCCOYS
The Mindbenders,Rock,THE_MINDBENDERS
The Moody Blues,Rock,THE_MOODY_BLUES
The New Colony Six,Rock,THE_NEW_COLONY_SIX
The Offspring,Rock,THE_OFFSPRING
The Presidents of the United States of America,Rock,THE_PRESIDENTS_OF_THE_UNITED_STATES_OF_AMERICA
The Pretenders,Rock,THE_PRETENDERS
The Psychedelic Furs,Rock,THE_PSYCHEDELIC_FURS
The Rascals,Rock,THE_RASCALS
The Rivieras,Rock,THE_RIVIERAS
The Rolling Stones,Rock,THE_ROLLING_STONES
The Romantics,Rock,THE_ROMANTICS
The Searchers,Rock,THE_SEARCHERS
The Shadows,Rock,THE_SHADOWS
The Smiths,Rock,THE_SMITHS
The Spencer Davis Group,Rock,THE_SPENCER_DAVIS_GROUP
The Spotnicks,Rock,THE_SPOTNICKS
The Standells,Rock,THE_STANDELLS
The Stranglers,Rock,THE_STRANGLERS
The Surfaris,Rock,THE_SURFARIS
The Syndicate of Sound,Rock,THE_SYNDICATE_OF_SOUND
The Tragically Hip,Rock,THE_TRAGICALLY_HIP
The Tremeloes,Rock,THE_TREMELOES
The Troggs,Rock,THE_TROGGS
The Vapors,Rock,THE_VAPORS
The Ventures,Rock,THE_VENTURES
The Verve,Rock,THE_VERVE
The Verve Pipe,Rock,THE_VERVE_PIPE
The Walker Brothers,Rock,THE_WALKER_BROTHERS
The Wallflowers,Rock,THE_WALLFLOWERS
The Who,Rock,THE_WHO
The Yardbirds,Rock,THE_YARDBIRDS
The Youngbloods,Rock,THE_YOUNGBLOODS
The Zombies,Rock,THE_ZOMBIES
Them,Rock,THEM
Thin Lizzy,Rock,THIN_LIZZY
Three Dog Night,Rock,THREE_DOG_NIGHT
Todd Rundgren,Rock,TODD_RUNDGREN
Tokens,Rock,TOKENS
Tom Petty,Rock,TOM_PETTY
Tom Petty and The Heartbreakers,Rock,TOM_PETTY_AND_THE_HEARTBREAKERS
Tommy James,Rock,TOMMY_JAMES
Tony Joe White,Rock,TONY_JOE_WHITE
Tornados,Rock,TORNADOS
Toto,Rock,TOTO
Traffic,Rock,TRAFFIC
Turtles,Rock,TURTLES
U2,Rock,U2
Ugly Kid Joe,Rock,UGLY_KID_JOE
Uriah Heep,Rock,URIAH_HEEP
Van Halen,Rock,VAN_HALEN
Van Morrison,Rock,VAN_MORRISON
Vanilla Fudge,Rock,VANILLA_FUDGE
Vasco,Rock,VASCO
Ventures,Rock,VENTURES
Vertical Horizon,Rock,VERTICAL_HORIZON
Veruca Salt,Rock,VERUCA_SALT
Vincent Gene,Rock,VINCENT_GENE
Walter Egan,Rock,WALTER_EGAN
Weezer,Rock,WEEZER
Westernhagen,Rock,WESTERNHAGEN
Wet Willie,Rock,WET_WILLIE
Whitesnake,Rock,WHITESNAKE
Wings,Rock,WINGS
Yes,Rock,YES
ZZ Top,Rock,ZZ_TOP
Zebrahead,Rock,ZEBRAHEAD
blink-182,Rock,BLINK-182
the mamas and papas,Rock,THE_MAMAS_AND_PAPAS
Checker Chubby,Rock & Roll,CHECKER_CHUBBY
Chuck Berry,Rock & Roll,CHUCK_BERRY
Carl Perkins,Rockabilly,CARL_PERKINS
Bad Manners,Ska,BAD_MANNERS
PRESTON BILLY,Soul,PRESTON_BILLY
The Commitments,Soul,THE_COMMITMENTS
Big Bad Voodoo Daddy,Swing,BIG_BAD_VOODOO_DADDY
